-- MySQL dump 10.16  Distrib 10.1.23-MariaDB, for Linux (x86_64)
--
-- Host: localhost    Database: list
-- ------------------------------------------------------
-- Server version	10.1.23-MariaDB

/*!40101 SET @OLD_CHARACTER_SET_CLIENT=@@CHARACTER_SET_CLIENT */;
/*!40101 SET @OLD_CHARACTER_SET_RESULTS=@@CHARACTER_SET_RESULTS */;
/*!40101 SET @OLD_COLLATION_CONNECTION=@@COLLATION_CONNECTION */;
/*!40101 SET NAMES utf8 */;
/*!40103 SET @OLD_TIME_ZONE=@@TIME_ZONE */;
/*!40103 SET TIME_ZONE='+00:00' */;
/*!40014 SET @OLD_UNIQUE_CHECKS=@@UNIQUE_CHECKS, UNIQUE_CHECKS=0 */;
/*!40014 SET @OLD_FOREIGN_KEY_CHECKS=@@FOREIGN_KEY_CHECKS, FOREIGN_KEY_CHECKS=0 */;
/*!40101 SET @OLD_SQL_MODE=@@SQL_MODE, SQL_MODE='NO_AUTO_VALUE_ON_ZERO' */;
/*!40111 SET @OLD_SQL_NOTES=@@SQL_NOTES, SQL_NOTES=0 */;

--
-- Table structure for table `admins`
--

DROP TABLE IF EXISTS `admins`;
/*!40101 SET @saved_cs_client     = @@character_set_client */;
/*!40101 SET character_set_client = utf8 */;
CREATE TABLE `admins` (
  `admin_id` int(2) NOT NULL AUTO_INCREMENT,
  `name` char(15) NOT NULL,
  `surname` char(15) DEFAULT NULL,
  `mail` char(50) DEFAULT NULL,
  `phone` char(30) DEFAULT NULL,
  PRIMARY KEY (`admin_id`)
) ENGINE=InnoDB AUTO_INCREMENT=7 DEFAULT CHARSET=utf8;
/*!40101 SET character_set_client = @saved_cs_client */;

--
-- Dumping data for table `admins`
--

LOCK TABLES `admins` WRITE;
/*!40000 ALTER TABLE `admins` DISABLE KEYS */;
INSERT INTO `admins` VALUES (1,'Sergei','Saenko','Sergei.Saenko@evry.com','+380980533000'),(2,'Sergii','Marchuk','Sergii.Marchuk@evry.com','+380973924310'),(3,'Alexander','Kirilenko','Alexander.Kirilenko@evry.com','+380674043364'),(4,'Irina','Romanchuk','Irina.Romanchuk@evry.com','+380937722369'),(5,'Artem','Peleshenko','Artem.Peleshenko@evry.com','+380636794293'),(6,'Oleksiy','Dorokhov','Oleksiy.Dorokhov@evry.com','+380991736944');
/*!40000 ALTER TABLE `admins` ENABLE KEYS */;
UNLOCK TABLES;

--
-- Table structure for table `customers`
--

DROP TABLE IF EXISTS `customers`;
/*!40101 SET @saved_cs_client     = @@character_set_client */;
/*!40101 SET character_set_client = utf8 */;
CREATE TABLE `customers` (
  `customer_id` int(2) NOT NULL AUTO_INCREMENT,
  `name` char(20) NOT NULL,
  PRIMARY KEY (`customer_id`)
) ENGINE=InnoDB AUTO_INCREMENT=9 DEFAULT CHARSET=utf8;
/*!40101 SET character_set_client = @saved_cs_client */;

--
-- Dumping data for table `customers`
--

LOCK TABLES `customers` WRITE;
/*!40000 ALTER TABLE `customers` DISABLE KEYS */;
INSERT INTO `customers` VALUES (1,'TELENOR'),(2,'LINKON'),(3,'BLUEGARDEN'),(4,'EVRY'),(5,'TOYOTA NORGE'),(6,'CARGONET'),(7,'BRODRENE DAHL'),(8,'ONNINEN');
/*!40000 ALTER TABLE `customers` ENABLE KEYS */;
UNLOCK TABLES;

--
-- Table structure for table `indians`
--

DROP TABLE IF EXISTS `indians`;
/*!40101 SET @saved_cs_client     = @@character_set_client */;
/*!40101 SET character_set_client = utf8 */;
CREATE TABLE `indians` (
  `admin_id` int(2) NOT NULL DEFAULT '0',
  `name` char(15) CHARACTER SET utf8 NOT NULL,
  `surname` char(15) CHARACTER SET utf8 DEFAULT NULL,
  `mail` char(50) CHARACTER SET utf8 DEFAULT NULL,
  `phone` char(30) CHARACTER SET utf8 DEFAULT NULL,
  PRIMARY KEY (`admin_id`)
) ENGINE=InnoDB DEFAULT CHARSET=latin1;
/*!40101 SET character_set_client = @saved_cs_client */;

--
-- Dumping data for table `indians`
--

LOCK TABLES `indians` WRITE;
/*!40000 ALTER TABLE `indians` DISABLE KEYS */;
INSERT INTO `indians` VALUES (21,'Rajeev','Gupta','Rajeev.Kumar.Gupta@evry.com','+4793688694'),(22,'Karmvir','Singh','Karmvir.Singh@evry.com','+919811683952'),(23,'Rakesh','Kumar','Rakkuma5@in.ibm.com','null'),(24,'Gyanender','Sharma','Gyanen12@in.ibm.com','null'),(25,'Radha','Kushwaha','Radha.Kushwaha@evry.com','+919312645799'),(26,'Mohan','Sharma','Mohan.Sharma@evry.com','+917042323381'),(27,'Deepak','Kumar','Deepak.Kumar4@evry.com','+919953496830'),(28,'Shamsher','Singh','Shamsher.Singh@evry.com','+919599697624'),(29,'Virender','Singh','Virender.Singh@evry.com','+919873222186'),(30,'Anshuman','Sharma','Anshuman.Sharma@evry.com','+919910149991');
/*!40000 ALTER TABLE `indians` ENABLE KEYS */;
UNLOCK TABLES;

--
-- Table structure for table `managers`
--

DROP TABLE IF EXISTS `managers`;
/*!40101 SET @saved_cs_client     = @@character_set_client */;
/*!40101 SET character_set_client = utf8 */;
CREATE TABLE `managers` (
  `id_manager` int(2) NOT NULL,
  `name` char(30) NOT NULL,
  `mail` char(50) DEFAULT NULL,
  PRIMARY KEY (`id_manager`)
) ENGINE=InnoDB DEFAULT CHARSET=utf8;
/*!40101 SET character_set_client = @saved_cs_client */;

--
-- Dumping data for table `managers`
--

LOCK TABLES `managers` WRITE;
/*!40000 ALTER TABLE `managers` DISABLE KEYS */;
/*!40000 ALTER TABLE `managers` ENABLE KEYS */;
UNLOCK TABLES;

--
-- Table structure for table `servers`
--

DROP TABLE IF EXISTS `servers`;
/*!40101 SET @saved_cs_client     = @@character_set_client */;
/*!40101 SET character_set_client = utf8 */;
CREATE TABLE `servers` (
  `name` char(30) NOT NULL,
  `primary_admin_id` int(2) DEFAULT NULL,
  `secondary_admin_id` int(2) DEFAULT NULL,
  `primary_indian_id` int(2) DEFAULT NULL,
  `secondary_indian_id` int(2) DEFAULT NULL,
  `customer_id` int(2) DEFAULT '0',
  `system_id` char(8) DEFAULT 'empty',
  PRIMARY KEY (`name`),
  KEY `primary_admin_id` (`primary_admin_id`),
  KEY `secondary_admin_id` (`secondary_admin_id`),
  KEY `customer_id` (`customer_id`),
  KEY `system_id` (`system_id`),
  KEY `servers_to_prim_indians` (`primary_indian_id`),
  KEY `servers_to_sec_indians` (`secondary_indian_id`),
  CONSTRAINT `servers_to_admin` FOREIGN KEY (`primary_admin_id`) REFERENCES `admins` (`admin_id`) ON DELETE SET NULL ON UPDATE CASCADE,
  CONSTRAINT `servers_to_admin_sec` FOREIGN KEY (`secondary_admin_id`) REFERENCES `admins` (`admin_id`) ON DELETE SET NULL ON UPDATE CASCADE,
  CONSTRAINT `servers_to_customers` FOREIGN KEY (`customer_id`) REFERENCES `customers` (`customer_id`) ON DELETE SET NULL ON UPDATE CASCADE,
  CONSTRAINT `servers_to_prim_indians` FOREIGN KEY (`primary_indian_id`) REFERENCES `indians` (`admin_id`),
  CONSTRAINT `servers_to_sec_indians` FOREIGN KEY (`secondary_indian_id`) REFERENCES `indians` (`admin_id`),
  CONSTRAINT `servers_to_systems` FOREIGN KEY (`system_id`) REFERENCES `systems` (`system_id`) ON DELETE SET NULL ON UPDATE CASCADE
) ENGINE=InnoDB DEFAULT CHARSET=utf8;
/*!40101 SET character_set_client = @saved_cs_client */;

--
-- Dumping data for table `servers`
--

LOCK TABLES `servers` WRITE;
/*!40000 ALTER TABLE `servers` DISABLE KEYS */;
INSERT INTO `servers` VALUES ('a-beretta',6,2,NULL,NULL,1,'S00533'),('a-browning',6,2,NULL,NULL,1,'S00533'),('a-colt',6,2,NULL,NULL,1,'S00533'),('a-glock',6,2,NULL,NULL,1,'S00533'),('a-krag',6,2,NULL,NULL,1,'S00533'),('a-makarov',6,2,NULL,NULL,1,'S00533'),('a-nagant',6,2,NULL,NULL,1,'S00533'),('a-ruger',6,2,NULL,NULL,1,'S00533'),('a-smith',6,2,NULL,NULL,1,'S00533'),('a-steyr',6,2,NULL,NULL,1,'S00533'),('a-walther',6,2,NULL,NULL,1,'S00533'),('a-webley',6,2,NULL,NULL,1,'S00533'),('a-wesson',6,2,NULL,NULL,1,'S00533'),('aap-archive-01',6,2,NULL,NULL,1,NULL),('aap-archive-02',6,2,NULL,NULL,1,NULL),('aap-archive-03',6,2,NULL,NULL,1,NULL),('aap-fhs-app01',6,2,NULL,NULL,1,'S00285'),('aap-fhs-app02',6,2,NULL,NULL,1,'S00285'),('aap-fhs-tux01',6,2,NULL,NULL,1,'S00285'),('aap-fhs-tux02',6,2,NULL,NULL,1,'S00285'),('aap-fhs-web03',6,2,NULL,NULL,1,'S00285'),('aap-lnk-003',6,2,NULL,NULL,2,NULL),('aap-lnk-402',6,2,NULL,NULL,2,NULL),('aap-lnk-403',6,2,NULL,NULL,2,NULL),('aap-met-mq01',6,2,NULL,NULL,1,'S00453'),('aap-met-mq02',6,2,NULL,NULL,1,'S00453'),('aapvpnds65',6,2,NULL,NULL,4,NULL),('aapvptam65',6,2,NULL,NULL,4,NULL),('aapvptim68',6,2,NULL,NULL,4,NULL),('aapvpvio1',6,2,NULL,NULL,4,NULL),('aapvpvio2',6,2,NULL,NULL,4,NULL),('aapvpwsl61',6,2,NULL,NULL,4,NULL),('aapvpwsl62',6,2,NULL,NULL,4,NULL),('aapvpwsp63',6,2,NULL,NULL,4,NULL),('aaq-lnk-412',6,2,NULL,NULL,2,NULL),('aaq-lnk-413',6,2,NULL,NULL,2,NULL),('aat-archive-01',6,2,NULL,NULL,1,NULL),('aat-archive-02',6,2,NULL,NULL,1,NULL),('aat-archive-03',6,2,NULL,NULL,1,NULL),('aat-fhs-app01',6,2,NULL,NULL,1,'S00285'),('aat-fhs-tux01',6,2,NULL,NULL,1,'S00285'),('aat-fhs-web02',6,2,NULL,NULL,1,'S00285'),('aat-lnk-421',6,2,NULL,NULL,2,NULL),('aat-met-mq01',6,2,NULL,NULL,1,'S00453'),('ahpdwf01',3,1,NULL,NULL,1,'S00483'),('ahpdwf02',3,1,NULL,NULL,1,'S00483'),('ahpha01',3,1,NULL,NULL,1,'S00841'),('ahpha02',3,1,NULL,NULL,1,'S00841'),('ahpoms07',3,1,NULL,NULL,1,'S00803'),('ahpoms08',3,1,NULL,NULL,1,'S00803'),('ahpoms12',3,1,NULL,NULL,1,'S00803'),('ahpoms23',3,1,NULL,NULL,1,'S00803'),('ahppm25',3,1,NULL,NULL,1,'S00804'),('ahptm22',3,1,NULL,NULL,1,'S00839'),('ahptm23',3,1,NULL,NULL,1,'S00839'),('ahtdwf01',3,1,NULL,NULL,1,'S00483'),('ahtdwf02',3,1,NULL,NULL,1,'S00483'),('ahtdwf03',3,1,NULL,NULL,1,'S00483'),('ahtdwf04',3,1,NULL,NULL,1,'S00483'),('ahtha01',3,1,NULL,NULL,1,'S00841'),('ahtoms01',3,1,NULL,NULL,1,'S00803'),('ahtoms03',3,1,NULL,NULL,1,'S00803'),('ahtoms04',3,1,NULL,NULL,1,'S00803'),('ahtoms16',3,1,NULL,NULL,1,'S00803'),('ahtoms24',3,1,NULL,NULL,1,'S00803'),('ahtoms26',3,1,NULL,NULL,1,'S00803'),('ahtoms27',3,1,NULL,NULL,1,'S00803'),('ahtoms40',3,1,NULL,NULL,1,'S00803'),('ahtoms41',3,1,NULL,NULL,1,'S00803'),('ahtpm28',3,1,NULL,NULL,1,'S00804'),('ahuoms30',3,1,NULL,NULL,1,'S00803'),('ald-star-comsit',5,4,NULL,NULL,1,'S06055'),('ald-star-svn01',5,4,NULL,NULL,1,'S06055'),('ald-ucode01',2,6,NULL,NULL,1,NULL),('alp-agora01',3,1,NULL,NULL,1,'S02209'),('alp-arn-adm01',1,3,NULL,NULL,1,'S03040'),('alp-arn-adm02',1,3,NULL,NULL,1,'S03040'),('alp-arn-web03',1,3,NULL,NULL,1,'S03040'),('alp-arn-web04',1,3,NULL,NULL,1,'S03040'),('alp-bimobico-01',3,1,NULL,NULL,1,'S00338'),('alp-cargonet-01',3,1,NULL,NULL,6,NULL),('alp-cargonet-02',3,1,NULL,NULL,6,NULL),('alp-cargonet-10',3,1,NULL,NULL,6,NULL),('alp-cargonet-11',3,1,NULL,NULL,6,NULL),('alp-cargonet-gt',3,1,NULL,NULL,6,NULL),('alp-ch-cmpw01',3,1,NULL,NULL,1,NULL),('alp-comet-dsp12',3,1,NULL,NULL,1,'S02331'),('alp-comet-dsp13',3,1,NULL,NULL,1,'S02331'),('alp-comet-dsp14',3,1,NULL,NULL,1,'S02331'),('alp-comet-dsp15',3,1,NULL,NULL,1,'S02331'),('alp-comet-dsp20',3,1,NULL,NULL,1,'S02331'),('alp-comet-dsp21',3,1,NULL,NULL,1,'S02331'),('alp-comet-dsp22',3,1,NULL,NULL,1,'S02331'),('alp-comet-osb10',3,1,NULL,NULL,1,'S02331'),('alp-comet-osb11',3,1,NULL,NULL,1,'S02331'),('alp-comet-osb20',3,1,NULL,NULL,1,'S02331'),('alp-comet-osb21',3,1,NULL,NULL,1,'S02331'),('alp-comet-osb22',3,1,NULL,NULL,1,'S02331'),('alp-comet-osb23',3,1,NULL,NULL,1,'S02331'),('alp-comet-osb24',3,1,NULL,NULL,1,'S02331'),('alp-comp-dyna02',3,1,NULL,NULL,1,'D00038'),('alp-comp-dynaco',3,1,NULL,NULL,1,'D00038'),('alp-comp-dynasr',3,1,NULL,NULL,1,'D00038'),('alp-cos-confl01',3,1,NULL,NULL,1,'S00386'),('alp-cos01',4,5,NULL,NULL,1,'S00386'),('alp-cos02',4,5,NULL,NULL,1,'S00386'),('alp-cos03',4,5,NULL,NULL,1,'S00386'),('alp-cos04',4,5,NULL,NULL,1,'S00386'),('alp-cos11',4,5,NULL,NULL,1,'S00386'),('alp-cos12',4,5,NULL,NULL,1,'S00386'),('alp-cos13',4,5,NULL,NULL,1,'S00386'),('alp-cos14',4,5,NULL,NULL,1,NULL),('alp-cti-exp01',1,3,NULL,NULL,1,'S00852'),('alp-cti01',1,3,NULL,NULL,1,'S00852'),('alp-cti02',1,3,NULL,NULL,1,'S00852'),('alp-cti03',1,3,NULL,NULL,1,'S00852'),('alp-cti04',1,3,NULL,NULL,1,'S00852'),('alp-cti07',1,3,NULL,NULL,1,'S00852'),('alp-cti08',1,3,NULL,NULL,1,'S00852'),('alp-cti09',1,3,NULL,NULL,1,'S00852'),('alp-cti10',1,3,NULL,NULL,1,'S00852'),('alp-cti11',1,3,NULL,NULL,1,'S00852'),('alp-cti12',1,3,NULL,NULL,1,'S00852'),('alp-dbproxy01',3,1,NULL,NULL,1,NULL),('alp-decepp-01',1,3,NULL,NULL,1,'S00839'),('alp-decepp-02',1,3,NULL,NULL,1,'S00839'),('alp-defacto02',5,4,NULL,NULL,1,'S00236'),('alp-eas-sshgw01',1,3,NULL,NULL,1,'D00011'),('alp-eas-sshgw02',1,3,NULL,NULL,1,'D00011'),('alp-eas-sshgw03',1,3,NULL,NULL,1,'D00011'),('alp-eas-sshgw04',1,3,NULL,NULL,1,'D00011'),('alp-eureka-01',3,1,NULL,NULL,1,'S00379'),('alp-eureka-02',3,1,NULL,NULL,1,'S00379'),('alp-fbu-cmpw01',1,3,NULL,NULL,1,NULL),('alp-foe-cmpw01',1,3,NULL,NULL,1,NULL),('alp-ftw01',1,3,NULL,NULL,1,'S05127'),('alp-ftw02',1,3,NULL,NULL,1,'S05127'),('alp-har-cmpw01',1,3,NULL,NULL,1,NULL),('alp-indexer-01',1,3,NULL,NULL,1,'S00803'),('alp-kok-cmpw01',1,3,NULL,NULL,1,NULL),('alp-lnk-001',2,6,NULL,NULL,2,NULL),('alp-lnk-002',2,6,NULL,NULL,2,NULL),('alp-lnk-004',2,6,NULL,NULL,2,NULL),('alp-lnk-005',2,6,NULL,NULL,2,NULL),('alp-lnk-006',2,6,NULL,NULL,2,NULL),('alp-lnk-110',2,6,NULL,NULL,2,NULL),('alp-lnk-111',2,6,NULL,NULL,2,NULL),('alp-lnk-112',2,6,NULL,NULL,2,NULL),('alp-lnk-113',2,6,NULL,NULL,2,NULL),('alp-lnk-115',2,6,NULL,NULL,2,NULL),('alp-lnk-116',2,6,NULL,NULL,2,NULL),('alp-lnk-120',2,6,NULL,NULL,2,NULL),('alp-lnk-121',2,6,NULL,NULL,2,NULL),('alp-lnk-130',2,6,NULL,NULL,2,NULL),('alp-lnk-131',2,6,NULL,NULL,2,NULL),('alp-lnk-135',2,6,NULL,NULL,2,NULL),('alp-lnk-136',2,6,NULL,NULL,2,NULL),('alp-lnk-137',2,6,NULL,NULL,2,NULL),('alp-lnk-138',2,6,NULL,NULL,2,NULL),('alp-lnk-140',2,6,NULL,NULL,2,NULL),('alp-lnk-141',2,6,NULL,NULL,2,NULL),('alp-lnk-142',2,6,NULL,NULL,2,NULL),('alp-lnk-143',2,6,NULL,NULL,2,NULL),('alp-lnk-144',2,6,NULL,NULL,2,NULL),('alp-lnk-145',2,6,NULL,NULL,2,NULL),('alp-lnk-146',2,6,NULL,NULL,2,NULL),('alp-lnk-150',2,6,NULL,NULL,2,NULL),('alp-lnk-151',2,6,NULL,NULL,2,NULL),('alp-lnk-152',2,6,NULL,NULL,2,NULL),('alp-lnk-153',2,6,NULL,NULL,2,NULL),('alp-lnk-154',2,6,NULL,NULL,2,NULL),('alp-lnk-155',2,6,NULL,NULL,2,NULL),('alp-lnk-156',2,6,NULL,NULL,2,NULL),('alp-lnk-157',2,6,NULL,NULL,2,NULL),('alp-lnk-185',2,6,NULL,NULL,2,NULL),('alp-met-dmgr01',1,3,NULL,NULL,1,'S00453'),('alp-met-dmgr02',1,3,NULL,NULL,1,'S00453'),('alp-met-extweb0',1,3,NULL,NULL,1,'S00453'),('alp-met-ldap01',1,3,NULL,NULL,1,'S00453'),('alp-met-ldap02',1,3,NULL,NULL,1,'S00453'),('alp-met-was01',1,3,NULL,NULL,1,'S00453'),('alp-met-was02',1,3,NULL,NULL,1,'S00453'),('alp-met-was03',1,3,NULL,NULL,1,'S00453'),('alp-met-was04',1,3,NULL,NULL,1,'S00453'),('alp-met-was05',1,3,NULL,NULL,1,'S00453'),('alp-met-was06',1,3,NULL,NULL,1,'S00453'),('alp-met-web01',1,3,NULL,NULL,1,'S00453'),('alp-met-web02',1,3,NULL,NULL,1,'S00453'),('alp-met-xd01',1,3,NULL,NULL,1,'S00453'),('alp-met-xd02',1,3,NULL,NULL,1,'S00453'),('alp-mobility-01',5,4,NULL,NULL,1,'D00011'),('alp-mobility-02',5,4,NULL,NULL,1,'D00011'),('alp-mse-03',1,3,NULL,NULL,1,NULL),('alp-oemcc-oms01',1,3,NULL,NULL,1,'S05126'),('alp-pad-001',1,3,NULL,NULL,1,'S02257'),('alp-pki-01',1,3,NULL,NULL,1,'S05126'),('alp-pki-02',1,3,NULL,NULL,1,'S05126'),('alp-r-proxy01',1,3,NULL,NULL,1,NULL),('alp-sasci-01',4,5,NULL,NULL,1,'S07002'),('alp-sasci-02',4,5,NULL,NULL,1,'S07002'),('alp-sasci-03',4,5,NULL,NULL,1,'S07002'),('alp-sasci-04',4,5,NULL,NULL,1,'S07002'),('alp-sasci-05',4,5,NULL,NULL,1,'S07002'),('alp-sasci-06',4,5,NULL,NULL,1,'S07002'),('alp-sasci-07',4,5,NULL,NULL,1,'S07002'),('alp-sasci-08',4,5,NULL,NULL,1,'S07002'),('alp-sc01',5,4,NULL,NULL,1,'S07000'),('alp-sc02',5,4,NULL,NULL,1,'S07000'),('alp-sc03',5,4,NULL,NULL,1,'S07000'),('alp-sc04',5,4,NULL,NULL,1,'S07000'),('alp-sc05',5,4,NULL,NULL,1,'S07000'),('alp-sc06',5,4,NULL,NULL,1,'S07000'),('alp-sc07',5,4,NULL,NULL,1,'S07000'),('alp-sc08',5,4,NULL,NULL,1,'S07000'),('alp-scem01',1,3,NULL,NULL,1,'S07000'),('alp-scem02',1,3,NULL,NULL,1,'S07000'),('alp-scem03',1,3,NULL,NULL,1,'S07000'),('alp-scem04',1,3,NULL,NULL,1,'S07000'),('alp-scem06',1,3,NULL,NULL,1,'S07001'),('alp-scem07',1,3,NULL,NULL,1,'S07002'),('alp-scem08',1,3,NULL,NULL,1,'S00453'),('alp-sftp01',1,3,NULL,NULL,1,NULL),('alp-sg-cmpw01',1,3,NULL,NULL,1,NULL),('alp-sgt-api01',2,5,NULL,NULL,1,'S06037'),('alp-sgt-api02',2,5,NULL,NULL,1,'S06037'),('alp-sgt-app01',2,5,NULL,NULL,1,'S06037'),('alp-sgt-app02',2,5,NULL,NULL,1,'S06037'),('alp-sgt-dp01',2,5,NULL,NULL,1,'S06037'),('alp-sgt-mgmt01',2,5,NULL,NULL,1,'S06037'),('alp-sgt-mp01',2,5,NULL,NULL,1,'S06037'),('alp-sgt-mp02',2,5,NULL,NULL,1,'S06037'),('alp-sgt-mp03',2,5,NULL,NULL,1,'S06037'),('alp-sgt-mp04',2,5,NULL,NULL,1,'S06037'),('alp-sgt-pgres01',2,5,NULL,NULL,1,'S06037'),('alp-sgt-rp01',2,5,NULL,NULL,1,'S06037'),('alp-sgt-rp02',2,5,NULL,NULL,1,'S06037'),('alp-sgt-rp03',2,5,NULL,NULL,1,'S06037'),('alp-sgt-rp04',2,5,NULL,NULL,1,'S06037'),('alp-sgt-zoo01',2,5,NULL,NULL,1,'S06037'),('alp-sgt-zoo02',2,5,NULL,NULL,1,'S06037'),('alp-sgt-zoo03',2,5,NULL,NULL,1,'S06037'),('alp-solman01',1,3,NULL,NULL,1,NULL),('alp-spar01',5,4,NULL,NULL,1,'S02043'),('alp-spider-att0',1,3,NULL,NULL,1,'S02196'),('alp-splunk-inde',2,6,NULL,NULL,1,NULL),('alp-splunk-intf',1,3,NULL,NULL,1,NULL),('alp-splunk-sear',2,6,NULL,NULL,1,'S07085'),('alp-sss-01',1,3,NULL,NULL,1,'S02196'),('alp-tel-d1prod',4,5,NULL,NULL,1,'S02403'),('alp-tel-d2prod',4,5,NULL,NULL,1,'S02403'),('alp-tel-epp01',4,5,NULL,NULL,1,'S00839'),('alp-tel-epp02',4,5,NULL,NULL,1,'S00839'),('alp-tel-epp03',4,5,NULL,NULL,1,'S00839'),('alp-tel-g1prod',4,5,NULL,NULL,1,'S02403'),('alp-tel-g2prod',4,5,NULL,NULL,1,'S02403'),('alp-tel-g3prod',4,5,NULL,NULL,1,'S02403'),('alp-tel-g4prod',4,5,NULL,NULL,1,'S02403'),('alp-tel-mi07',4,5,NULL,NULL,1,'S02403'),('alp-tm02',1,3,NULL,NULL,1,'S00859'),('alp-tm03',1,3,NULL,NULL,1,'S00859'),('alp-vpnmob01',2,5,NULL,NULL,1,'S00386'),('alp-win-101',5,4,NULL,NULL,1,'S02595'),('alp-win-102',5,4,NULL,NULL,1,'S02595'),('alp-win-103',5,4,NULL,NULL,1,'S02595'),('alp-win-104',5,4,NULL,NULL,1,'S02595'),('alp-win-105',5,4,NULL,NULL,1,'S02595'),('alp-win-106',5,4,NULL,NULL,1,'S02595'),('alp-win-107',5,4,NULL,NULL,1,'S02595'),('alp-win-108',5,4,NULL,NULL,1,'S02595'),('alp-win-109',5,4,NULL,NULL,1,'S02595'),('alp-win-110',5,4,NULL,NULL,1,'S02595'),('alp-win-111',5,4,NULL,NULL,1,'S02595'),('alp-win-112',5,4,NULL,NULL,1,'S02595'),('alp-win-113',5,4,NULL,NULL,1,'S02595'),('alp-win-114',5,4,NULL,NULL,1,'S02595'),('alp-win-115',5,4,NULL,NULL,1,'S02595'),('alp-win-116',5,4,NULL,NULL,1,'S02595'),('alp-win-117',5,4,NULL,NULL,1,'S02595'),('alp-win-118',5,4,NULL,NULL,1,'S02595'),('alp-win-119',5,4,NULL,NULL,1,'S02595'),('alp-win-120',5,4,NULL,NULL,1,'S02595'),('alp-win-121',5,4,NULL,NULL,1,'S02595'),('alp-win-122',5,4,NULL,NULL,1,'S02595'),('alp-win-124',5,4,NULL,NULL,1,'S02595'),('alp-win-126',5,4,NULL,NULL,1,'S02595'),('alp-win-127',5,4,NULL,NULL,1,'S02595'),('alp-win-130',5,4,NULL,NULL,1,'S02595'),('alp-win-132',5,4,NULL,NULL,1,'S02595'),('alp-win-161',4,5,NULL,NULL,1,'S02595'),('alp-win-162',4,5,NULL,NULL,1,'S02595'),('alp-win-168',4,5,NULL,NULL,1,'S02595'),('alp-win-169',4,5,NULL,NULL,1,'S02595'),('alp-win-177',4,5,NULL,NULL,1,'S07002'),('alp-win-178',5,4,NULL,NULL,1,'S02595'),('alp-win-179',5,4,NULL,NULL,1,'S02595'),('alp-win-180',5,4,NULL,NULL,1,'S02595'),('alp-win-182',4,5,NULL,NULL,1,'S07002'),('alp-win-183',4,5,NULL,NULL,1,'S07002'),('alp-win-184',4,5,NULL,NULL,1,'S07002'),('alp-win-185',4,5,NULL,NULL,1,'S07002'),('alp-win-186',4,5,NULL,NULL,1,'S07002'),('alp-win-187',4,5,NULL,NULL,1,'S07002'),('alp-win-188',4,5,NULL,NULL,1,'S07002'),('alp-win-189',4,5,NULL,NULL,1,'S07002'),('alp-win-190',4,5,NULL,NULL,1,'S07002'),('alp-win-191',4,5,NULL,NULL,1,'S07002'),('alp-win-192',4,5,NULL,NULL,1,'S07002'),('alp-win-193',4,5,NULL,NULL,1,'S07002'),('alp-win-194',4,5,NULL,NULL,1,'S07002'),('alp-win26',5,4,NULL,NULL,1,'S02595'),('alp-win27',5,4,NULL,NULL,1,'S02595'),('alpona23',1,3,NULL,NULL,8,NULL),('alptoybpel01',2,6,NULL,NULL,5,NULL),('alptoycloud01',2,6,NULL,NULL,5,NULL),('alptoyftp02',2,6,NULL,NULL,5,NULL),('alptoyoas03',2,6,NULL,NULL,5,NULL),('alptoywl01',2,6,NULL,NULL,5,NULL),('alptoywl02',2,6,NULL,NULL,5,NULL),('alq-lnk-210',4,5,NULL,NULL,2,NULL),('alq-lnk-211',4,5,NULL,NULL,2,NULL),('alq-lnk-230',4,5,NULL,NULL,2,NULL),('alq-lnk-240',4,5,NULL,NULL,2,NULL),('alq-lnk-241',4,5,NULL,NULL,2,NULL),('alq-lnk-242',4,5,NULL,NULL,2,NULL),('alq-lnk-243',4,5,NULL,NULL,2,NULL),('alq-lnk-250',4,5,NULL,NULL,2,NULL),('alq-lnk-251',4,5,NULL,NULL,2,NULL),('alq-lnk-285',4,5,NULL,NULL,2,NULL),('alt-arn-adm05',5,4,NULL,NULL,1,'S03040'),('alt-arn-adm06',5,4,NULL,NULL,1,'S03040'),('alt-arn-web07',5,4,NULL,NULL,1,'S03040'),('alt-arn-web08',5,4,NULL,NULL,1,'S03040'),('alt-arn02',5,4,NULL,NULL,1,'S03040'),('alt-arn03',5,4,NULL,NULL,1,'S03040'),('alt-as-appdb02',2,5,NULL,NULL,1,'S00338'),('alt-bimobico-01',2,5,NULL,NULL,1,NULL),('alt-cargonet-10',2,5,NULL,NULL,6,NULL),('alt-cargonet-11',2,5,NULL,NULL,6,NULL),('alt-cargonet-gt',2,5,NULL,NULL,6,NULL),('alt-comet-dsp30',6,2,NULL,NULL,1,'S02331'),('alt-comet-dsp31',6,2,NULL,NULL,1,'S02331'),('alt-comet-dsp32',6,2,NULL,NULL,1,'S02331'),('alt-comet-dsp50',6,2,NULL,NULL,1,'S02331'),('alt-comet-dsp51',6,2,NULL,NULL,1,'S02331'),('alt-comet-dsp60',6,2,NULL,NULL,1,'S02331'),('alt-comet-dsp61',6,2,NULL,NULL,1,'S02331'),('alt-comet-osb20',6,2,NULL,NULL,1,'S02331'),('alt-comet-osb21',6,2,NULL,NULL,1,'S02331'),('alt-comet-osb30',6,2,NULL,NULL,1,'S02331'),('alt-comet-osb31',6,2,NULL,NULL,1,'S02331'),('alt-comet-osb40',6,2,NULL,NULL,1,'S02331'),('alt-comet-osb41',6,2,NULL,NULL,1,'S02331'),('alt-comet-osb50',6,2,NULL,NULL,1,'S02331'),('alt-comet-osb51',6,2,NULL,NULL,1,'S02331'),('alt-comet-osb60',6,2,NULL,NULL,1,'S02331'),('alt-comet-osb61',6,2,NULL,NULL,1,'S02331'),('alt-comp-dyna03',2,6,NULL,NULL,1,NULL),('alt-comp-dynaco',2,6,NULL,NULL,1,NULL),('alt-comp-dynasr',2,6,NULL,NULL,1,NULL),('alt-cos04',4,5,NULL,NULL,1,'S00386'),('alt-cos05',4,5,NULL,NULL,1,'S00386'),('alt-cos06',4,5,NULL,NULL,1,'S00386'),('alt-cos07',4,5,NULL,NULL,1,'S00386'),('alt-cos08',4,5,NULL,NULL,1,'S00386'),('alt-cos09',4,5,NULL,NULL,1,'S00386'),('alt-cos10',4,5,NULL,NULL,1,'S07000'),('alt-cosbuild01',6,2,NULL,NULL,1,'S00386'),('alt-cosbuild02',6,2,NULL,NULL,1,'S00386'),('alt-cosbuild03',6,2,NULL,NULL,1,'S00386'),('alt-cosbuild04',6,2,NULL,NULL,1,'S00386'),('alt-cti-ext01',1,3,NULL,NULL,1,'S00852'),('alt-cti01',1,3,NULL,NULL,1,'S00852'),('alt-cti02',1,3,NULL,NULL,1,'S00852'),('alt-cti03',1,3,NULL,NULL,1,'S00852'),('alt-cti04',1,3,NULL,NULL,1,'S00852'),('alt-decepp-03',1,3,NULL,NULL,1,'S00839'),('alt-ectrade09',6,2,NULL,NULL,4,NULL),('alt-eureka-03',2,5,NULL,NULL,1,'S00379'),('alt-eureka-04',2,5,NULL,NULL,1,'S00379'),('alt-ftw01',1,3,NULL,NULL,1,'S05127'),('alt-ftw02',1,3,NULL,NULL,1,'S05127'),('alt-leg-11',2,5,NULL,NULL,1,NULL),('alt-leg-21',2,5,NULL,NULL,1,NULL),('alt-leg-31',2,5,NULL,NULL,1,NULL),('alt-lnk-310',4,5,NULL,NULL,2,NULL),('alt-lnk-311',4,5,NULL,NULL,2,NULL),('alt-lnk-340',4,5,NULL,NULL,2,NULL),('alt-lnk-341',4,5,NULL,NULL,2,NULL),('alt-lnk-342',4,5,NULL,NULL,2,NULL),('alt-lnk-343',4,5,NULL,NULL,2,NULL),('alt-lnk-345',4,5,NULL,NULL,2,NULL),('alt-lnk-350',4,5,NULL,NULL,2,NULL),('alt-lnk-351',4,5,NULL,NULL,2,NULL),('alt-met-asol-dm',3,1,NULL,NULL,1,'S00453'),('alt-met-asol-wa',3,1,NULL,NULL,1,'S00453'),('alt-met-asol-xd',3,1,NULL,NULL,1,'S00453'),('alt-met-atest-d',3,1,NULL,NULL,1,'S00453'),('alt-met-atest-l',3,1,NULL,NULL,1,'S00453'),('alt-met-atest-s',3,1,NULL,NULL,1,'S00453'),('alt-met-atest-w',3,1,NULL,NULL,1,'S00453'),('alt-met-atest-x',3,1,NULL,NULL,1,'S00453'),('alt-met-extweb0',3,1,NULL,NULL,1,'S00453'),('alt-met-intweb0',3,1,NULL,NULL,1,'S00453'),('alt-met-mbl01',3,1,NULL,NULL,1,'S00453'),('alt-met-mbl02',3,1,NULL,NULL,1,'S00453'),('alt-met-mbl03',3,1,NULL,NULL,1,'S00453'),('alt-met-mbl04',3,1,NULL,NULL,1,'S00453'),('alt-met-mbl05',3,1,NULL,NULL,1,'S00453'),('alt-met-mbl06',3,1,NULL,NULL,1,'S00453'),('alt-met-mbl07',3,1,NULL,NULL,1,'S00453'),('alt-met-mbl08',3,1,NULL,NULL,1,'S00453'),('alt-met-mbl09',3,1,NULL,NULL,1,'S00453'),('alt-met-mbl10',3,1,NULL,NULL,1,'S00453'),('alt-met-mvm52',3,1,NULL,NULL,1,'S00453'),('alt-met-mvm53',3,1,NULL,NULL,1,'S00453'),('alt-met-mvm54',3,1,NULL,NULL,1,'S00453'),('alt-met-mvm55',3,1,NULL,NULL,1,'S00453'),('alt-met-mvm56',3,1,NULL,NULL,1,'S00453'),('alt-met-mvm57',3,1,NULL,NULL,1,'S00453'),('alt-met-mvm58',3,1,NULL,NULL,1,'S00453'),('alt-met-mvm59',3,1,NULL,NULL,1,'S00453'),('alt-met-nsit-dm',3,1,NULL,NULL,1,'S00453'),('alt-met-omssi-w',3,1,NULL,NULL,1,'S00453'),('alt-met-oppl-wa',3,1,NULL,NULL,1,'S00453'),('alt-met-web01',3,1,NULL,NULL,1,'S00453'),('alt-met-web02',3,1,NULL,NULL,1,'S00453'),('alt-metro-002',1,3,NULL,NULL,1,'S00453'),('alt-metro-004',1,3,NULL,NULL,1,'S00453'),('alt-metro-005',1,3,NULL,NULL,1,'S00453'),('alt-metro-006',1,3,NULL,NULL,1,'S00453'),('alt-metro-007',1,3,NULL,NULL,1,'S00453'),('alt-metro-008',1,3,NULL,NULL,1,'S00453'),('alt-metro-009',1,3,NULL,NULL,1,'S00453'),('alt-metro-010',1,3,NULL,NULL,1,'S00453'),('alt-mobility-02',5,4,NULL,NULL,1,'D00011'),('alt-oemcc-em01',2,5,NULL,NULL,1,'S00858'),('alt-pki-03',6,2,NULL,NULL,1,'S05126'),('alt-pki-04',6,2,NULL,NULL,1,NULL),('alt-proxy01',6,2,NULL,NULL,1,NULL),('alt-secunia-01',6,2,NULL,NULL,1,NULL),('alt-sgt-api01',4,5,NULL,NULL,1,'S06037'),('alt-sgt-app01',4,5,NULL,NULL,1,'S06037'),('alt-sgt-app02',4,5,NULL,NULL,1,'S06037'),('alt-sgt-app03',4,5,NULL,NULL,1,'S06037'),('alt-sgt-dp01',4,5,NULL,NULL,1,'S06037'),('alt-sgt-mgmt01',4,5,NULL,NULL,1,'S06037'),('alt-sgt-mgmt02',4,5,NULL,NULL,1,'S06037'),('alt-sgt-mp01',4,5,NULL,NULL,1,'S06037'),('alt-sgt-mp02',4,5,NULL,NULL,1,'S06037'),('alt-sgt-mp03',4,5,NULL,NULL,1,'S06037'),('alt-sgt-pgres01',4,5,NULL,NULL,1,'S06037'),('alt-sgt-rp01',4,5,NULL,NULL,1,'S06037'),('alt-sgt-rp02',4,5,NULL,NULL,1,'S06037'),('alt-sgt-rp03',4,5,NULL,NULL,1,'S06037'),('alt-sgt-rp04',4,5,NULL,NULL,1,'S06037'),('alt-sgt-rp05',4,5,NULL,NULL,1,'S06037'),('alt-sgt-zoo01',4,5,NULL,NULL,1,'S06037'),('alt-sgt-zoo02',4,5,NULL,NULL,1,'S06037'),('alt-sgt-zoo03',4,5,NULL,NULL,1,'S06037'),('alt-spider-att0',6,2,NULL,NULL,1,'S02196'),('alt-spider-att1',6,2,NULL,NULL,1,NULL),('alt-star-lisa01',4,5,NULL,NULL,1,'S06055'),('alt-star-lisa02',4,5,NULL,NULL,1,'S06055'),('alt-star-lisa03',4,5,NULL,NULL,1,'S06055'),('alt-star-nwfuat',4,5,NULL,NULL,1,'S06055'),('alt-star-omc-np',6,2,NULL,NULL,1,'S06055'),('alt-star-rmsuat',2,6,NULL,NULL,1,'S06055'),('alt-tel-d1dev',4,5,NULL,NULL,1,'S02403'),('alt-tel-d1qa',4,5,NULL,NULL,1,'S02403'),('alt-tel-d1sup',4,5,NULL,NULL,1,'S02403'),('alt-tel-epp01',4,5,NULL,NULL,1,'S00839'),('alt-tel-epp02',4,5,NULL,NULL,1,'S00839'),('alt-tel-epp03',4,5,NULL,NULL,1,'S00839'),('alt-tel-g1dev',4,5,NULL,NULL,1,'S02403'),('alt-tel-g1qa',4,5,NULL,NULL,1,'S02403'),('alt-tel-g1sup',4,5,NULL,NULL,1,'S02403'),('alt-tel-g2qa',4,5,NULL,NULL,1,'S02403'),('alt-tel-g2sup',4,5,NULL,NULL,1,'S02403'),('alt-tel-g3sup',4,5,NULL,NULL,1,'S02403'),('alt-tel-g4sup',4,5,NULL,NULL,1,'S02403'),('alt-tibco-016',6,2,NULL,NULL,1,'S00453'),('alt-tibco-017',6,2,NULL,NULL,1,'S00453'),('alt-tibco-018',6,2,NULL,NULL,1,'S02667'),('alt-tm04',5,2,NULL,NULL,1,'S00858'),('alt-tm05',5,2,NULL,NULL,1,'S00858'),('alt-win-129',5,4,NULL,NULL,1,'S02595'),('alt-win-130',5,4,NULL,NULL,1,'S02595'),('alt-win-131',5,4,NULL,NULL,1,'S02595'),('alt-win-132',5,4,NULL,NULL,1,'S02595'),('alt-win-133',5,4,NULL,NULL,1,'S02595'),('alt-win-134',5,4,NULL,NULL,1,'S02595'),('alt-win-135',5,4,NULL,NULL,1,'S02595'),('alt-win-136',5,4,NULL,NULL,1,'S02595'),('alt-win-137',5,4,NULL,NULL,1,'S02595'),('alt-win-138',5,4,NULL,NULL,1,'S02595'),('alt-win-139',5,4,NULL,NULL,1,'S02595'),('alt-win-140',5,4,NULL,NULL,1,'S02595'),('alt-win-141',5,4,NULL,NULL,1,'S02595'),('alt-win-142',5,4,NULL,NULL,1,'S02595'),('alt-win-143',5,4,NULL,NULL,1,'S02595'),('alt-win-144',5,4,NULL,NULL,1,'S02595'),('alt-win-145',5,4,NULL,NULL,1,'S02595'),('alt-win-146',5,4,NULL,NULL,1,'S02595'),('alt-win-147',5,4,NULL,NULL,1,'S02595'),('alt-win-148',5,4,NULL,NULL,1,'S02595'),('alt-win-149',5,4,NULL,NULL,1,'S02595'),('alt-win-150',5,4,NULL,NULL,1,'S02595'),('alt-win-151',5,4,NULL,NULL,1,'S02595'),('alt-win-153',5,4,NULL,NULL,1,'S02595'),('alt-win-158',5,4,NULL,NULL,1,'S02595'),('alt-win-159',5,4,NULL,NULL,1,'S02595'),('alt-win-160',5,4,NULL,NULL,1,'S02595'),('alt-win-163',5,4,NULL,NULL,1,'S02595'),('alt-win-172',5,4,NULL,NULL,1,'S02595'),('alt-win-173',5,4,NULL,NULL,1,'S02595'),('alt-win-174',5,4,NULL,NULL,1,'S02595'),('alt-win-175',5,4,NULL,NULL,1,'S02595'),('alt-win-176',5,4,NULL,NULL,1,'S02595'),('alt-win-177',5,4,NULL,NULL,1,'S07002'),('alt-win-178',5,4,NULL,NULL,1,'S07002'),('alt-win-179',5,4,NULL,NULL,1,'S07002'),('alt-win-180',5,4,NULL,NULL,1,'S07002'),('alt-win-185',5,4,NULL,NULL,1,'S07002'),('alt-win-186',5,4,NULL,NULL,1,'S07002'),('alt-win-190',5,4,NULL,NULL,1,'D00103'),('alt-win-191',5,4,NULL,NULL,1,'D00103'),('alt-win-192',5,4,NULL,NULL,1,'D00103'),('alt-win-193',5,4,NULL,NULL,1,'D00103'),('alt-win-nsit-ap',4,5,NULL,NULL,1,'D00100'),('alt-win-nsit-ex',4,5,NULL,NULL,1,'D00100'),('alt-win-nsit-in',4,5,NULL,NULL,1,'D00100'),('alt-win23',5,4,NULL,NULL,1,'S02595'),('alt-win24',5,4,NULL,NULL,1,'S02595'),('alt-win28',5,4,NULL,NULL,1,'S02595'),('alt-win29',5,4,NULL,NULL,1,'S02595'),('alttoybpel01',2,6,NULL,NULL,5,NULL),('alttoybpel04',2,6,NULL,NULL,5,NULL),('alttoywl01',2,6,NULL,NULL,5,NULL),('alttoywl02',2,6,NULL,NULL,5,NULL),('alu-maritim-003',5,2,NULL,NULL,1,NULL),('alutoywl01',2,6,NULL,NULL,5,NULL),('asd-sgt-ga03',4,5,NULL,NULL,1,'S06037'),('asp-apd01',4,5,NULL,NULL,1,'S00842'),('asp-astraproxy0',4,5,NULL,NULL,4,NULL),('asp-bs01',4,5,NULL,NULL,1,'S02338'),('asp-flow12',5,4,NULL,NULL,1,'S00577'),('asp-met-ga01',4,5,NULL,NULL,1,'S00453'),('asp-met-ga02',4,5,NULL,NULL,1,'S00453'),('asp-sgt-ga01',4,5,NULL,NULL,1,'S06037'),('asp-sgt-ga02',4,5,NULL,NULL,1,'S06037'),('asp-spider12',5,4,NULL,NULL,1,'S02014'),('ast-bs01',4,5,NULL,NULL,1,'S02222'),('ast-bs02',4,5,NULL,NULL,1,'S00863'),('ast-flow13',5,4,NULL,NULL,1,'S00577'),('ast-met-ga03',4,5,NULL,NULL,1,'S00453'),('ast-met-ga04',4,5,NULL,NULL,1,'S00453'),('ast-nasse02',4,5,NULL,NULL,1,'S00386'),('ast-sgt-ga01',4,5,NULL,NULL,1,'S06037'),('ast-sgt-ga02',4,5,NULL,NULL,1,'S06037'),('ast-spider-ates',5,4,NULL,NULL,1,'S02014'),('bluap051',2,6,NULL,NULL,3,NULL),('bluap053',2,6,NULL,NULL,3,NULL),('bluap119',2,6,NULL,NULL,3,NULL),('bluap120',2,6,NULL,NULL,3,NULL),('bluap123',2,6,NULL,NULL,3,NULL),('bluap139',2,6,NULL,NULL,3,NULL),('bluap140',2,6,NULL,NULL,3,NULL),('bluap301',2,6,NULL,NULL,3,NULL),('bluap302',2,6,NULL,NULL,3,NULL),('bluap347',2,6,NULL,NULL,3,NULL),('bluap351',2,6,NULL,NULL,3,NULL),('bluap359',2,6,NULL,NULL,3,NULL),('bluap368',2,6,NULL,NULL,3,NULL),('bluap537',2,6,NULL,NULL,3,NULL),('bluap538',2,6,NULL,NULL,3,NULL),('bluap539',2,6,NULL,NULL,3,NULL),('bluap702',2,6,NULL,NULL,3,NULL),('bluap704',2,6,NULL,NULL,3,NULL),('bluap705',2,6,NULL,NULL,3,NULL),('bluap706',2,6,NULL,NULL,3,NULL),('bluap709',2,6,NULL,NULL,3,NULL),('bluap710',2,6,NULL,NULL,3,NULL),('bluap714',2,6,NULL,NULL,3,NULL),('bluap717',2,6,NULL,NULL,3,NULL),('bluap718',2,6,NULL,NULL,3,NULL),('bluap721',2,6,NULL,NULL,3,NULL),('bluap723',2,6,NULL,NULL,3,NULL),('bluap726',2,6,NULL,NULL,3,NULL),('bluap735',2,6,NULL,NULL,3,NULL),('bluap736',2,6,NULL,NULL,3,NULL),('bluap738',2,6,NULL,NULL,3,NULL),('bluap740',2,6,NULL,NULL,3,NULL),('bluap742',2,6,NULL,NULL,3,NULL),('blucl14cn301',2,6,NULL,NULL,3,NULL),('blucl14cn303',2,6,NULL,NULL,3,NULL),('blucl14cn305',2,6,NULL,NULL,3,NULL),('blucl14cn307',2,6,NULL,NULL,3,NULL),('bludb013',2,6,NULL,NULL,3,NULL),('bludb015',2,6,NULL,NULL,3,NULL),('bludb017',2,6,NULL,NULL,3,NULL),('bludb118',2,6,NULL,NULL,3,NULL),('bludb304',2,6,NULL,NULL,3,NULL),('bludb310',2,6,NULL,NULL,3,NULL),('bludb314',2,6,NULL,NULL,3,NULL),('bludb316',2,6,NULL,NULL,3,NULL),('bludb317',2,6,NULL,NULL,3,NULL),('bludb501',2,6,NULL,NULL,3,NULL),('bludb505',2,6,NULL,NULL,3,NULL),('bludb710',2,6,NULL,NULL,3,NULL),('bludb711',2,6,NULL,NULL,3,NULL),('bluns701',2,6,NULL,NULL,3,NULL),('bluns702',2,6,NULL,NULL,3,NULL),('dap-arn-ora01',6,2,NULL,NULL,1,'S03040'),('dap-arn-ora02',6,2,NULL,NULL,1,'S03040'),('dap-arn-ora04',6,2,NULL,NULL,1,'S03040'),('dap-bd-ora01',6,2,NULL,NULL,7,NULL),('dap-bd-ora02',6,2,NULL,NULL,7,NULL),('dap-cac-ora02',6,2,NULL,NULL,1,'S02027'),('dap-cfakt-ora01',6,2,NULL,NULL,4,NULL),('dap-cfakt-ora02',6,2,NULL,NULL,4,NULL),('dap-concilia-or',6,2,NULL,NULL,1,'S02325'),('dap-esb-ora01',6,2,NULL,NULL,4,NULL),('dap-ess-ora03',6,2,NULL,NULL,1,'S02359'),('dap-ess-ora04',6,2,NULL,NULL,1,'S02359'),('dap-fhs-ora01',6,2,NULL,NULL,1,'S00285'),('dap-fhs-ora02',6,2,NULL,NULL,1,'S00285'),('dap-fhs-ora03',6,2,NULL,NULL,1,'S00285'),('dap-gma-ora01',6,2,NULL,NULL,1,'S06001'),('dap-jara-ora01',6,2,NULL,NULL,1,'S00501'),('dap-jara-ora02',6,2,NULL,NULL,1,'S00501'),('dap-kfs-ora02',6,2,NULL,NULL,1,'S00122'),('dap-kog-ora01',6,2,NULL,NULL,1,'S00895'),('dap-lnk-160',6,2,NULL,NULL,2,NULL),('dap-lnk-161',6,2,NULL,NULL,2,NULL),('dap-lnk-400',6,2,NULL,NULL,2,NULL),('dap-lnk-401',6,2,NULL,NULL,2,NULL),('dap-mobico-ora0',6,2,NULL,NULL,1,'S00843'),('dap-rman-pod1',6,2,NULL,NULL,4,NULL),('dap-rman-pod3',6,2,NULL,NULL,4,NULL),('dap-sag-ora02',6,2,NULL,NULL,1,'S00893'),('dap-sgt-ora01',6,2,NULL,NULL,1,'S06037'),('dap-sgt-ora02',6,2,NULL,NULL,1,'S06037'),('dapvptam67',6,2,NULL,NULL,4,NULL),('dapvptim69',6,2,NULL,NULL,4,NULL),('daq-lnk-260',6,2,NULL,NULL,2,NULL),('daq-lnk-261',6,2,NULL,NULL,2,NULL),('daq-lnk-262',6,2,NULL,NULL,2,NULL),('daq-lnk-263',6,2,NULL,NULL,2,NULL),('daq-lnk-410',6,2,NULL,NULL,2,NULL),('daq-lnk-411',6,2,NULL,NULL,2,NULL),('dat-amigo-ora01',6,2,NULL,NULL,1,'S02386'),('dat-arn-ora01',6,2,NULL,NULL,1,'S03040'),('dat-arn-ora02',6,2,NULL,NULL,1,'S03040'),('dat-arn-ora03',6,2,NULL,NULL,1,'S03040'),('dat-arn01',6,2,NULL,NULL,1,'S03040'),('dat-bd-ora01',6,2,NULL,NULL,7,NULL),('dat-bd-ora02',6,2,NULL,NULL,7,NULL),('dat-cac-ora02',6,2,NULL,NULL,1,'S02027'),('dat-ccdw-ora11',6,2,NULL,NULL,1,'S00533'),('dat-ccdw-ora12',6,2,NULL,NULL,1,'S00533'),('dat-concilia-or',6,2,NULL,NULL,1,'S02325'),('dat-esb-ora01',6,2,NULL,NULL,4,NULL),('dat-ess-ora02',6,2,NULL,NULL,1,'S02359'),('dat-fhs-dev01',6,2,NULL,NULL,1,'S00285'),('dat-fhs-dev02',6,2,NULL,NULL,1,'S00285'),('dat-fhs-ora01',6,2,NULL,NULL,1,'S00285'),('dat-fhs-si01',6,2,NULL,NULL,1,'S00285'),('dat-fhs-si02',6,2,NULL,NULL,1,'S00285'),('dat-fhs-si03',6,2,NULL,NULL,1,'S00285'),('dat-fhs-si04',6,2,NULL,NULL,1,'S00285'),('dat-fhs-train',6,2,NULL,NULL,1,'S00285'),('dat-jara-ora01',6,2,NULL,NULL,1,'S00501'),('dat-kfs-ora02',6,2,NULL,NULL,1,'S00122'),('dat-kog-ora01',6,2,NULL,NULL,1,'S00895'),('dat-kog-ora02',6,2,NULL,NULL,1,'S00895'),('dat-lnk-360',6,2,NULL,NULL,2,NULL),('dat-lnk-420',6,2,NULL,NULL,2,NULL),('dat-oktus-ora01',6,2,NULL,NULL,1,'S02386'),('dat-sag-ora03',6,2,NULL,NULL,1,'S00893'),('dat-sag-ora04',6,2,NULL,NULL,1,'S00893'),('dat-sgt-ora01',6,2,NULL,NULL,1,'S06037'),('dat-sgt-ora02',6,2,NULL,NULL,1,'S06037'),('dat-sgt-ora04',6,2,NULL,NULL,1,'S06037'),('dev-sgt-app03',4,5,NULL,NULL,1,'S06037'),('dev-sgt-rp01',4,5,NULL,NULL,1,'S06037'),('dev-sgt-rp05',4,5,NULL,NULL,1,'S06037'),('dhp-sol1',3,1,NULL,NULL,1,'S00584'),('dhp-sol2',3,1,NULL,NULL,1,'S00584'),('dhp-tn01',3,1,NULL,NULL,1,'S00193'),('dhp-tn02',3,1,NULL,NULL,1,'S00407'),('dhpavt01',3,1,NULL,NULL,1,'S00534'),('dhpcos01',3,1,NULL,NULL,1,'S00386'),('dhpdwf01',3,1,NULL,NULL,1,'S00790'),('dhpdwf02',3,1,NULL,NULL,1,'S00790'),('dhpeik01',3,1,NULL,NULL,1,'S00013'),('dhpfds02',3,1,NULL,NULL,1,'S01123'),('dhpkap01',3,1,NULL,NULL,1,'S00407'),('dhpoms09',3,1,NULL,NULL,1,'S00803'),('dhpoms10',3,1,NULL,NULL,1,'S00803'),('dhpoms14',3,1,NULL,NULL,1,'S00803'),('dhpsin01',3,1,NULL,NULL,1,'S00401'),('dhptm09',3,1,NULL,NULL,1,'S00836'),('dhptm12',3,1,NULL,NULL,1,'S00378'),('dhptm33',3,1,NULL,NULL,1,'S00855'),('dhptm34',3,1,NULL,NULL,1,'S02338'),('dhptm50',3,1,NULL,NULL,1,'S00833'),('dhptm51',3,1,NULL,NULL,1,'S00841'),('dhptm52',3,1,NULL,NULL,1,'S00833'),('dhptm53',3,1,NULL,NULL,1,'S00841'),('dht-tn03',3,1,NULL,NULL,1,'S00193'),('dht-tn04',3,1,NULL,NULL,1,'S00407'),('dht-tn05',3,1,NULL,NULL,1,'S00407'),('dht-tn06',3,1,NULL,NULL,1,'S00193'),('dhtbru01',3,1,NULL,NULL,1,'S00833'),('dhtdwf01',3,1,NULL,NULL,1,'S00790'),('dhtdwf02',3,1,NULL,NULL,1,'S00483'),('dhtdwf03',3,1,NULL,NULL,1,'S00790'),('dhteik01',3,1,NULL,NULL,1,'S00013'),('dhtfds02',3,1,NULL,NULL,1,'S01123'),('dhtmao01',3,1,NULL,NULL,1,'D00016'),('dhtnas01',3,1,NULL,NULL,1,'S00386'),('dhtnsit1',3,1,NULL,NULL,1,'S00584'),('dhtnsit2',3,1,NULL,NULL,1,'S00584'),('dhtnst01',3,1,NULL,NULL,1,'S00534'),('dhtoms02',3,1,NULL,NULL,1,'S00804'),('dhtoms05',3,1,NULL,NULL,1,'S00803'),('dhtoms06',3,1,NULL,NULL,1,'S00803'),('dhtoms13',3,1,NULL,NULL,1,'S00803'),('dhtoms15',3,1,NULL,NULL,1,'S00803'),('dhtoms17',3,1,NULL,NULL,1,'S00803'),('dhtoms18',3,1,NULL,NULL,1,'S00803'),('dhtoms42',3,1,NULL,NULL,1,'S00803'),('dhtpm29',3,1,NULL,NULL,1,'S00804'),('dhtsin01',3,1,NULL,NULL,1,'S00401'),('dhttm42',3,1,NULL,NULL,1,'S00855'),('dhttm44',3,1,NULL,NULL,1,'S02338'),('dhttm45',3,1,NULL,NULL,1,'S02339'),('dhttus01',3,1,NULL,NULL,1,'S00833'),('dhuoms31',3,1,NULL,NULL,1,'S00803'),('dhusin01',3,1,NULL,NULL,1,'S00401'),('dhusolo',3,1,NULL,NULL,1,'S00584'),('dlp-avtaledb-or',5,2,NULL,NULL,1,NULL),('dlp-bimobico-or',5,2,NULL,NULL,1,'S00338'),('dlp-cargonet-10',5,2,NULL,NULL,6,NULL),('dlp-cargonet-11',5,2,NULL,NULL,6,NULL),('dlp-lnk-180',5,4,NULL,NULL,2,NULL),('dlp-lnk-181',5,4,NULL,NULL,2,NULL),('dlp-lnk-186',5,4,NULL,NULL,2,NULL),('dlp-lnk-187',5,4,NULL,NULL,2,NULL),('dlp-met-db01',1,3,NULL,NULL,1,'S00453'),('dlp-met-db02',1,3,NULL,NULL,1,'S00453'),('dlp-oemcc-ora01',5,2,NULL,NULL,1,NULL),('dlp-procoma-02',2,6,NULL,NULL,1,'S06050'),('dlp-sat-arc1',2,6,NULL,NULL,1,'S02653'),('dlp-spider02',5,2,NULL,NULL,1,'S02014'),('dlp-tel-epp01',4,5,NULL,NULL,1,'S00839'),('dlp-tel-epp02',4,5,NULL,NULL,1,'S00839'),('dlp-tel-mi01',4,5,NULL,NULL,1,'S02403'),('dlp-tel-mi02',4,5,NULL,NULL,1,'S02403'),('dlp-tm01',3,1,NULL,NULL,1,'S00858'),('dlp-tm02',3,1,NULL,NULL,1,'S00859'),('dlp-tm22',3,1,NULL,NULL,1,'S00839'),('dlp-tm23',3,1,NULL,NULL,1,'S00839'),('dlp-zabbix-db01',5,2,NULL,NULL,1,NULL),('dlpond16',5,2,NULL,NULL,8,NULL),('dlpond33',5,2,NULL,NULL,8,NULL),('dlptoyetm03',2,6,NULL,NULL,5,NULL),('dlptoyetm04',2,6,NULL,NULL,5,NULL),('dlq-lnk-280',5,4,NULL,NULL,2,NULL),('dlq-lnk-281',5,4,NULL,NULL,2,NULL),('dlq-lnk-286',5,4,NULL,NULL,2,NULL),('dlq-lnk-287',5,4,NULL,NULL,2,NULL),('dlt-avtaledb-or',5,2,NULL,NULL,1,NULL),('dlt-bdp-db01',2,6,NULL,NULL,1,NULL),('dlt-bdp-db02',2,6,NULL,NULL,1,NULL),('dlt-bimobico-or',5,2,NULL,NULL,1,NULL),('dlt-cargonet-10',5,2,NULL,NULL,6,NULL),('dlt-cargonet-11',5,2,NULL,NULL,6,NULL),('dlt-cosmon01',2,6,NULL,NULL,1,'S06050'),('dlt-leg-11',5,2,NULL,NULL,1,NULL),('dlt-leg-21',5,2,NULL,NULL,1,NULL),('dlt-leg-31',5,2,NULL,NULL,1,'S00858'),('dlt-lnk-380',5,4,NULL,NULL,2,NULL),('dlt-lnk-381',5,4,NULL,NULL,2,NULL),('dlt-lnk-386',5,4,NULL,NULL,2,NULL),('dlt-lnk-387',5,4,NULL,NULL,2,NULL),('dlt-met-db01',1,3,NULL,NULL,1,'S00453'),('dlt-met-db02',1,3,NULL,NULL,1,'S00453'),('dlt-met-db03',1,3,NULL,NULL,1,'S00453'),('dlt-met-db04',1,3,NULL,NULL,1,'S00453'),('dlt-nasse03',2,6,NULL,NULL,1,'S06055'),('dlt-procoma-01',2,6,NULL,NULL,1,'S06055'),('dlt-star-com-st',2,6,NULL,NULL,1,'S06055'),('dlt-star-com01',2,6,NULL,NULL,1,'S06055'),('dlt-star-com02',2,6,NULL,NULL,1,'S06055'),('dlt-star-com21',2,6,NULL,NULL,1,'S06055'),('dlt-star-commig',2,6,NULL,NULL,1,'S06055'),('dlt-star-comp01',2,6,NULL,NULL,1,'S06055'),('dlt-star-comp02',2,6,NULL,NULL,1,'S06055'),('dlt-star-compt0',2,6,NULL,NULL,1,'S06055'),('dlt-star-comsit',2,6,NULL,NULL,1,'S06055'),('dlt-star-crm01',2,6,NULL,NULL,1,'S06055'),('dlt-star-crm02',2,6,NULL,NULL,1,'S06055'),('dlt-star-hob-st',2,6,NULL,NULL,1,'S06055'),('dlt-star-hob01',2,6,NULL,NULL,1,'S06055'),('dlt-star-hob02',2,6,NULL,NULL,1,'S06055'),('dlt-star-hob21',2,6,NULL,NULL,1,'S06055'),('dlt-star-hob22',2,6,NULL,NULL,1,'S06055'),('dlt-star-hobmig',2,6,NULL,NULL,1,'S06055'),('dlt-star-hobpt0',2,6,NULL,NULL,1,'S06055'),('dlt-star-hobsit',2,6,NULL,NULL,1,'S06055'),('dlt-star-lisa01',4,5,NULL,NULL,1,'S06055'),('dlt-star-omp01',2,6,NULL,NULL,1,'S06055'),('dlt-star-omp02',2,6,NULL,NULL,1,'S06055'),('dlt-star-rms01',2,6,NULL,NULL,1,'S06055'),('dlt-star-rms02',2,6,NULL,NULL,1,'S06055'),('dlt-star-rpts01',2,6,NULL,NULL,1,'S06055'),('dlt-star-rpts02',2,6,NULL,NULL,1,'S06055'),('dlt-td-apdb02',3,1,NULL,NULL,1,'S06055'),('dlt-tel-epp01',4,5,NULL,NULL,1,'S00839'),('dlt-tel-epp02',4,5,NULL,NULL,1,'S00839'),('dlt-tel-mi01',4,5,NULL,NULL,1,'S02403'),('dlt-tel-mi02',4,5,NULL,NULL,1,'S02403'),('dlt-tm03',5,2,NULL,NULL,1,'S00858'),('dlt-tm04',5,2,NULL,NULL,1,'S00858'),('dlttoyetm03',2,6,NULL,NULL,5,NULL),('dlttoyetm04',2,6,NULL,NULL,5,NULL),('dsd-mao07',4,5,NULL,NULL,1,'S00184'),('dsp-abel01',4,5,NULL,NULL,1,'S00304'),('dsp-abel01-ldom',4,5,NULL,NULL,1,'S00304'),('dsp-flow10',5,4,NULL,NULL,1,'S00577'),('dsp-flow11',5,4,NULL,NULL,1,'S00577'),('dsp-mao01',4,5,NULL,NULL,1,'S00184'),('dsp-multisys01',4,5,NULL,NULL,1,'S01130'),('dsp-oraedi-02',5,4,NULL,NULL,1,NULL),('dsp-spider10',5,4,NULL,NULL,1,'S02014'),('dsp-spider11',5,4,NULL,NULL,1,'S02014'),('dsp-tnoh02',5,4,NULL,NULL,1,NULL),('dsp-tnoh02-io',5,4,NULL,NULL,1,NULL),('dsp-tnoh03',5,4,NULL,NULL,1,'S02014'),('dsp-tnoh04',5,4,NULL,NULL,1,'S00577'),('dsp-tnoh08',5,4,NULL,NULL,1,NULL),('dsp-tnoh08-io',5,4,NULL,NULL,1,NULL),('dsp-tnoh09',5,4,NULL,NULL,1,NULL),('dsp-tnoh09-io',5,4,NULL,NULL,1,NULL),('dst-abel01',4,5,NULL,NULL,1,'S00304'),('dst-abel01-ldom',4,5,NULL,NULL,1,'S00304'),('dst-flow-asol04',5,4,NULL,NULL,1,'S00577'),('dst-flow-opl05',5,4,NULL,NULL,1,'S00577'),('dst-flow-sitoms',5,4,NULL,NULL,1,'S00577'),('dst-flow-test09',5,4,NULL,NULL,1,'S00577'),('dst-flow-utv06',5,4,NULL,NULL,1,'S00577'),('dst-flow-utv07',5,4,NULL,NULL,1,'S00577'),('dst-flow03',5,4,NULL,NULL,1,'S00577'),('dst-in01',4,5,NULL,NULL,1,'S00839'),('dst-mao03',4,5,NULL,NULL,1,'S00184'),('dst-multisys02',4,5,NULL,NULL,1,'S01130'),('dst-spider-ates',5,4,NULL,NULL,1,'S02014'),('dst-spider-si03',5,4,NULL,NULL,1,'S02014'),('dst-spider-utv0',5,4,NULL,NULL,1,'S02014'),('dst-sybase-nst0',5,4,NULL,NULL,1,'D00101'),('ergointprod2',5,4,NULL,NULL,4,NULL),('ergointqa1',5,4,NULL,NULL,4,NULL),('ergointtest',5,4,NULL,NULL,4,NULL),('iap-chronos-03',6,2,NULL,NULL,1,NULL),('iap-chronos-04',6,2,NULL,NULL,1,NULL),('iap-chronos-05',6,2,NULL,NULL,1,NULL),('iap-chronos-06',6,2,NULL,NULL,1,NULL),('iap-chronos-07',6,2,NULL,NULL,1,NULL),('iap-chronos-08',6,2,NULL,NULL,1,NULL),('iap-chronos-09',6,2,NULL,NULL,1,NULL),('iap-chronos-10',6,2,NULL,NULL,1,NULL),('iap-chronos-11',6,2,NULL,NULL,1,NULL),('iapvpnim01',6,2,NULL,NULL,4,NULL),('ihpsh01',3,1,NULL,NULL,1,NULL),('ihpsh02',3,1,NULL,NULL,1,NULL),('ihpsh03',3,1,NULL,NULL,1,NULL),('ihpsh04',3,1,NULL,NULL,1,NULL),('ihpsh06',3,1,NULL,NULL,1,NULL),('ihpsh07',3,1,NULL,NULL,1,NULL),('ihpsh08',3,1,NULL,NULL,1,NULL),('ihpvm04',3,1,NULL,NULL,4,NULL),('ihpvm07',3,1,NULL,NULL,1,NULL),('ihpvm08',3,1,NULL,NULL,1,NULL),('ilp-ctrlm-01',5,2,NULL,NULL,1,NULL),('ilp-ctrlm-02',5,2,NULL,NULL,1,NULL),('ilp-ctrlm-03',5,2,NULL,NULL,1,NULL),('ilp-jump-epc-of',1,3,NULL,NULL,1,NULL),('ilp-jump-epc-on',1,3,NULL,NULL,1,NULL),('ilp-jump-ipc-of',1,3,NULL,NULL,1,NULL),('ilp-jump-ipc-on',1,3,NULL,NULL,1,NULL),('ilp-met-mon01',1,3,NULL,NULL,1,'S00453'),('ilp-met-mon02',1,3,NULL,NULL,1,'S00453'),('ilp-met-mon03',1,3,NULL,NULL,1,'S00453'),('ilp-met-rafw03',1,3,NULL,NULL,1,'S00453'),('ilp-mlm01',5,2,NULL,NULL,1,NULL),('ilp-mlm02',5,2,NULL,NULL,1,'D00038'),('ilp-nixmlm-depc',1,3,NULL,NULL,1,NULL),('ilp-nixmlm-dipc',1,3,NULL,NULL,1,NULL),('ilp-tools-01',5,2,NULL,NULL,1,NULL),('ilp-tools-02',5,2,NULL,NULL,1,'S00338'),('ilp-zabbix-depc',5,4,NULL,NULL,1,NULL),('ilp-zabbix-srv0',5,4,NULL,NULL,1,NULL),('ilpbatch1',1,3,NULL,NULL,1,'S00029'),('ilpbatch2',1,3,NULL,NULL,1,'S00029'),('ilt-ctrlm-04',5,2,NULL,NULL,1,NULL),('ilt-met-raf06',1,3,NULL,NULL,1,'S00453'),('ilt-met-rafw04',1,3,NULL,NULL,1,'S00453'),('ilt-met-rafw05',1,3,NULL,NULL,1,'S00453'),('noedbrap35',6,2,NULL,NULL,4,NULL),('noedbrap36',6,2,NULL,NULL,4,NULL),('ns3',4,5,NULL,NULL,1,NULL),('ns5',4,5,NULL,NULL,1,NULL),('ny-solo',3,1,NULL,NULL,1,'S00584'),('sso-fbu-371-003',1,3,NULL,NULL,1,'S02339'),('sso-fbu-371-004',1,3,NULL,NULL,1,'S02339'),('sso-fbu-371-005',1,3,NULL,NULL,1,'S02339'),('sso-fbu-371-006',1,3,NULL,NULL,1,'S02339'),('sso-fbu-371-007',1,3,NULL,NULL,1,NULL),('tns-fbu-373-100',3,1,NULL,NULL,1,NULL),('tso-fbu-371-001',3,1,NULL,NULL,1,NULL),('vspap053',2,6,NULL,NULL,1,NULL);
/*!40000 ALTER TABLE `servers` ENABLE KEYS */;
UNLOCK TABLES;

--
-- Table structure for table `systems`
--

DROP TABLE IF EXISTS `systems`;
/*!40101 SET @saved_cs_client     = @@character_set_client */;
/*!40101 SET character_set_client = utf8 */;
CREATE TABLE `systems` (
  `system_id` char(8) NOT NULL DEFAULT 'empty',
  `system_name` char(30) NOT NULL,
  PRIMARY KEY (`system_id`)
) ENGINE=InnoDB DEFAULT CHARSET=utf8;
/*!40101 SET character_set_client = @saved_cs_client */;

--
-- Dumping data for table `systems`
--

LOCK TABLES `systems` WRITE;
/*!40000 ALTER TABLE `systems` DISABLE KEYS */;
INSERT INTO `systems` VALUES ('D00011','KFI-Etablering'),('D00016','AKSEPTANSETESTFIXED-TEL'),('D00038','Compuware Advantage'),('D00100','NSIT'),('D00101','NST'),('D00103','Mobile-Testenvironment Nasse'),('S00013','MARIUS'),('S00029','SATURN'),('S00122','KFS'),('S00184','MAO'),('S00193','GUNDA'),('S00236','deFakto'),('S00285','FHS'),('S00304','ABEL'),('S00338','BICO'),('S00378','WINODINFIKS'),('S00379','EUREKA'),('S00386','COS'),('S00401','SINSEN'),('S00407','KAPAKSINFO'),('S00453','Metro'),('S00483','DATABRONN'),('S00501','Jara Net Business'),('S00533','Datavarehus Mobil'),('S00534','AVTALE'),('S00577','FLOW'),('S00584','ORIGO'),('S00790','DATATORGET'),('S00803','OMS'),('S00804','PM'),('S00833','FKM'),('S00836','FPS'),('S00839','EPP'),('S00841','Online Back Office'),('S00842','Sim'),('S00843','MOBICO'),('S00852','CTI'),('S00855','RECON'),('S00858','GENEVA'),('S00859','ISS'),('S00863','Bridging Server'),('S00893','SAG'),('S00895','KOG'),('S01123','FRM'),('S01130','MultiSYS'),('S02014','SPIDER'),('S02027','Carrier Cockpit'),('S02043','SPAR'),('S02196','ATTACHMENTSERVER'),('S02209','SKALA'),('S02222','NA-SDM'),('S02257','PAD'),('S02325','Concilia'),('S02331','COMET'),('S02338','MOOA'),('S02339','ERP Services in OAZ'),('S02359','ESS'),('S02386','Amigo'),('S02403','Mobile Inventory'),('S02595','WIN'),('S02653','Oslo Affiliate Zone'),('S02667','Maritim'),('S03040','ARN'),('S05126','Clavis'),('S05127','WIN Min Bedrift Collaboration'),('S06001','GMA'),('S06037','Stargate'),('S06050','Procoma'),('S06055','STAR'),('S07000','SCEM'),('S07001','Onescreen'),('S07002','SASVA'),('S07085','Splunk');
/*!40000 ALTER TABLE `systems` ENABLE KEYS */;
UNLOCK TABLES;
/*!40103 SET TIME_ZONE=@OLD_TIME_ZONE */;

/*!40101 SET SQL_MODE=@OLD_SQL_MODE */;
/*!40014 SET FOREIGN_KEY_CHECKS=@OLD_FOREIGN_KEY_CHECKS */;
/*!40014 SET UNIQUE_CHECKS=@OLD_UNIQUE_CHECKS */;
/*!40101 SET CHARACTER_SET_CLIENT=@OLD_CHARACTER_SET_CLIENT */;
/*!40101 SET CHARACTER_SET_RESULTS=@OLD_CHARACTER_SET_RESULTS */;
/*!40101 SET COLLATION_CONNECTION=@OLD_COLLATION_CONNECTION */;
/*!40111 SET SQL_NOTES=@OLD_SQL_NOTES */;

-- Dump completed on 2017-05-23 23:32:27
